{
  "inference_timestamp": "2026-03-21T17:40:09.321689",
  "model_file": "graphsage_elliptic_20260321_164540.pt",
  "dataset_name": "YelpChi",
  "dataset_type": "mat",
  "model_architecture": {
    "in_feats": 167,
    "hidden": 128,
    "num_layers": 3,
    "num_classes": 2
  },
  "original_training_metrics": {
    "test_auc": 0.9864436705450649,
    "test_auprc": 0.9413755738975966,
    "val_auc": 0.9818396726255988,
    "val_auprc": 0.9367593600935966,
    "epochs_trained": 100,
    "early_stopping_patience": 5
  },
  "inference_results": {
    "auc": 0.5116017374993551,
    "auprc": 0.14975425188610322,
    "accuracy": 0.8397745571658615,
    "precision": 0.1650390625,
    "recall": 0.02531076830912086,
    "f1": 0.04389040384365667,
    "confusion_matrix": {
      "tn": 38422,
      "fp": 855,
      "fn": 6508,
      "tp": 169
    },
    "normal_count": 39277,
    "anomaly_count": 6677
  },
  "inference_statistics": {
    "num_nodes": 45954,
    "num_edges": 7693958,
    "anomaly_probability_min": 0.0,
    "anomaly_probability_max": 1.0,
    "anomaly_probability_mean": 0.02295462228357792,
    "predicted_anomaly_ratio": 0.022283152717935326
  }
}